File Name,Length(seconds),Time of recording,Attire,Description,Classes
01.mp4,6,Day (Light On),Full T-shirt & Trousers,Falling from sitting on the chair to the ground. Left side Fall. Full body not visible, Falling (SW)[3.4 to 6]; Sitting[0 to 3.4]
02.mp4,6,Day (Light On),Full T-shirt & Trousers,Falling from sitting on the chair to the ground. Left side Fall. Full body not visible, Falling (SW)[1.9 to 6]; Sitting[0 to 1.9]
03.mp4,5,Day (Light On),Full T-shirt & Trousers,Falling from sitting on the chair to the ground. Left side fall, Falling (SW)[2.5 to 5]; Sitting[0 to 2.5]
04.mp4,4,Day (Light On),Full T-shirt & Trousers,Falling from sitting on the chair to the ground. Right side fall, Falling (SW)[2.3 to 4]; Sitting[0 to 2.2]
05.mp4,5,Day (Light On),Full T-shirt & Trousers,Walking to falling. Right side fall, Falling (SW)[1.8 to 5]:; Walking[0 to 1.8]
06.mp4,5,Day (Light On),Full T-shirt & Trousers,Walking to falling. Right side fall, Falling (SW)[2.2 to 5]; Walking[0 to 2.1]
07.mp4,5,Day (Light On),Full T-shirt & Trousers,Walking to falling. Right side fall, Falling (SW)[1.1 to 5]; Walking[0 to 1]
08.mp4,4,Day (Light On),Full T-shirt & Trousers, Walking to falling. Left side fall, Falling (FW)[0.8 to 4]; Walking[0 to 0.8]
09.mp4,4,Day (Light On),Full T-shirt & Trousers,Standing position to falling. Forward Fall. Full body (head) not visible, Falling (FW)[0.7 to 4]; Standing[0 to 0.6]
10.mp4,4,Day (Light On),Full T-shirt & Trousers,Standing position to falling. Forward Fall. Full body (right eye) not visible, Falling (FW)[0.7 to 4]; Standing[0 to 0.7]]
11.mp4,6,Day (Light On),T-shirt & Trousers,Standing position to falling, Falling (BW)[1 to 6]; Standing[0 to 1]
12.mp4,6,Day (Light On),T-shirt & Trousers,Standing position to falling, Falling (BW)[1.9 to 6]; Standing[0 to 1.8]
13.mp4,4,Day (Light On),T-shirt & Trousers,Standing position to falling, Falling (BW)[0.4 to 4]; Standing[0 to 0.3]
14.mp4,5,Day (Light On),T-shirt & Trousers,Standing position to falling, Falling (BW) [0.3 to 5]; Standing [0 to 0.2]
15.mp4,6,Day (Light On),T-shirt & Trousers,Sitting on the chair (side view) to right side fall, Falling (SW) [1.8 to 6] ; Sitting [0 to 2]
16.mp4,6,Day (Light On),T-shirt & Trousers,Sitting on the chair (side view) to the left side fall, Falling (SW) [ 2.8 to 6]; Sitting [0 to 2.9]
17.mp4,6,Day,T-Shirt & Pants,Right side fall on the ground, Falling (SW)[1.4 to 6]; Standing[0.4 to 1.2]
18.mp4,8,Day,T-Shirt & Pants,Right side fall on the ground after walking, Falling (SW)[2.7 to 8]; Walking[0 to 2.6]
19.mp4,7,Day,T-Shirt & Pants,Forward fall on the bed, Falling (FW)[0 to 7]
20.mp4,10,Day,T-Shirt & Pants,Seeing outside the window then backward fall, Falling (BW)[3.3 to 10]; Standing[0 to 3.1]
21.mp4,4,Day,T-Shirt & Pants,Left side fall (face hidden by hand), Falling (SW)[0.8 to 4]; Standing[0 to 0.7]
22.mp4,6,Day,T-Shirt & Pants,Walking while seeing the mobile phone then fall backward (left hand not fully in the frame), Falling (BW)[2.1 to 6]; Walking[0 to 1.9]
23.mp4,4,Day,Full Shirt & Pants,Falling (forward) after trying to pick the bottle from the ground, Falling (FW)[2 to 4]; Standing[0 to 1.7]
24.mp4,6,Day,Full Shirt & Pants,Reading a newspaper in the sitting position on the ground then falling backward, Falling (BW)[3.2 to 6]; Reading[0 to 2.1]; Sitting[0 to 3]
25.mp4,5,Day,Full Shirt & Pants,Falling backward after walking, Falling (BW)[1.8 to 5]; Walking[0 to 1.7]
26.mp4,11,Night,Full Shirt & Jeans,Right side fall then backward, Falling (BW)[2 to 4]; Falling (SW)[4 to 11]; Walking[0 to 1.8]
27.mp4,10,Night,Full Shirt & Jeans,Falling from bed to ground, Falling (BW[5.9 to 10]; Walking[0 to 1.3]
28.mp4,12,Night,Full Shirt & Jeans,Drinking water from the water bottle then falling backwards, Falling (BW)[6.9 to 12]; Drinking[3.5 to 5.3]; Standing[3.6 to 6.9]; Walking[0 to 3.6]
29.mp4,8,Night,Full Shirt & Jeans,Falling backward (side view), Falling (BW)[2.5 to 8]; Standing[0 to 2.5]
30.mp4,11,Night,Full Shirt & Jeans,Falling backward on the bed,Falling (BW)[3.4 to 11]; Standing[0 to 3.2]
31.mp4,11,Day,T-Shirt & Pants 2,Writing while sitting on the bed; then falling on the ground, Falling (SW)[7.7 to 11]; Sitting[0 to 7.7]; Writing[0 to 4.6]
32.mp4,4,Day,T-Shirt & Pants 2,Walking then falling forward, Falling (FW)[0.8 to 4]; Walking[0 to 0.6]
33.mp4,6,Day,T-Shirt & Pants 2,Walking then falling forward, Falling (FW)[2.5 to 6]; Walking[0 to 2.1]
34.mp4,11,Day,T-Shirt & Pants 2,Picking a water bottle from the ground and drinking water from it then falling forward on the ground, Falling (FW)[9.8 to 11]; Drinking[3.9 to 5.8]; Standing[0 to 2.3]; Walking[2.3 to 4.3]
35.mp4,15,Day,T-Shirt & Pants 2,Eating in standing position then falling forward,Falling (FW)[8.2 to 15]; Eating[0.9 4.6]; Standing[0 to 8.1]
36.mp4,11,Day,T-Shirt & Pants 2,Eating in standing position then falling forward,Falling (FW)[7.9 to 11]; Eating[1.6 to 3.2]; Standing[0 to 7.7]
37.mp4,9,Day,T-Shirt & Pants 2,Standing then falling sideways, Falling (SW)[6.2 to 9]; Standing[0 to 4.9]; Walking[4.9 to 6.1]
38.mp4,5,Day,T-Shirt & Pants 2,Walking then falling forward, Falling (FW)[1.3 to 5]; Walking[0 to 1.2]
39.mp4,7,Day,T-Shirt & Pants 2,Standing then falling sideways, Falling (SW)[3.6 to 7]; Standing[0 to 3.6]
40.mp4,7,Day, T-Shirt & Pants 2,Standing from the bed and then falling sideways on the ground, Falling (SW)[3.3 to 6.4]; Sitting[0 to 1.7]; Standing[2 to 3.2]
41.mp4,7,Day,T-Shirt & Pants 2,Standing then falling backward on the ground, Falling (BW)[3 to 7]; Standing[0 to 3]
42.mp4,3,Day,Full T-shirt & Trouser,falling forward, Fall (FW)[0 to 3]
43.mp4,6,Day,Full T-shirt & Trouser,Falling on the bed (forward), Fall (FW)[2.6 to 6]; Standing[1.3 to 2.2]; Walking[0 to 1.3]
44.mp4,5,Day,Full T-shirt & Trouser,Falling backward on the floor, Falling (BW)[1.5 to 5]; Standing[0 to 1.5]
45.mp4,5,Day,Full T-shirt & Trouser,Walking and then falling backward on the floor, Falling (BW)[1.2 to 5]; Walking[0 to 1.2]
46.mp4,10,Day,Full T-shirt & Trouser,Falling slowly from standing position to the floor, Falling (BW)[3.2 to 10]; Standing[0 to 3]
47.mp4,5,Day,Full T-shirt & Trouser,Falling (backward) on the floor from the sitting position, Falling (BW) [0 to 5]
48.mp4,9,Day,Full T-shirt & Trouser,Falling on the floor from the standing position, Falling (BW)[1 to 9]; Standing[0 to 1]
49.mp4,6,Day,Full T-shirt & Trouser,Falling on the right side onto the floor from a standing position, Falling (SW)[0 to 6]
50.mp4,6,Day,Full T-shirt & Trouser,Reading the book while sitting on the ground; then falling backward, Falling (BW)[3.3 to 6]; Reading[0 to 3.3]; Sitting[0 to 3.4]
51.mp4,4,Day,Full shirt & Trouser,Falling forward on the bed, Falling (FW)[1.7 to 4]
52.mp4,8,Day,Kurta & Trouser,Eating in standing position then falling forward, Falling (FW)[4.7 to 8]; Eating[0 to 2]; Standing[0 to 4.6]
53.mp4,4,Day,Full T-shirt & Trouser,Falling backward from the bed, Falling (BW)[1.6 to 4]; Standing[0 to 0.8]
54.mp4,4,Day,Full T-shirt & Trouser,Writing something in a notebook while sitting position on the floor; then falling backward, Falling (BW)[1.4 to 4]; Sitting[0 to 1.4]; Writing[0 to 1.3]
55.mp4,12,Day,Full T-shirt; Shirt  & Trouser,Falling backward on the floor while removing the shirt and trying to hang it on the hangar, Falling (BW)[8.1 to 12]; Standing[4.6 to 8.1];Walking[0 to 4.6]
56.mp4,5,Night,Full T-shirt (different) & Trouser,Trying to drink water from the water bottle and then falling on the floor, Falling (BW)[1.9 to 5]; Standing[0 to 1.8]
57.mp4,7,Night,Full T-shirt (different) & Trouser,Walking and then falling left side on the floor, Falling (SW)[1.8 to 7]; Walking[0 to 1.7]
58.mp4,8,Night,Full T-shirt (different) & Trouser, Reading newspaper then falling Backward on the bed, Falling (BW)[1.4 to 8]; Reading[0 to 1.1]; Sitting[0 to 1.4]
59.mp4,11,Night,Full T-shirt (different) & Trouser,Sitting on the bed; then falling on the floor, Falling (SW)[4.2 to 11]; Sitting[0 to 3.2]
60.mp4,5,Night,Full T-shirt (different) & Trouser,Falling on the floor from the standing position, Falling (BW)[2 to 5]; Standing[0 to 1.9]
61.mp4,6,Night,Full T-shirt (different) & Trouser,Walking then falling forward on the floor, Falling (FW)[2.3 to 6]; Walking[0 to 2.2]
62.mp4,9,Day,Kurta & Trouser,Drinking in standing position then falling sideways, Falling (SW)[5.4 to 9]; Drinking[0 to 1.4]; Standing[0 to 4.4]
63.mp4,4,Day (Lights On),Full Shirt & Pant,Standing on the bed to falling (LS) on the bed, Falling (SW)[1.8 to 4]; Standing[0 to 1.5]
64.mp4,2,Day (Lights On),Full Shirt & Pant,Falling (LS) from the bed to the floor, Falling (SW)[1.5 to 2]; Sleeping[0 to 1.4]
65.mp4,6,Day (Lights Off),Full Shirt & Pant,Walking then falling (forward) view 1, Falling (FW)[1.7 to 6]; Walking[0 to 1.7]
66.mp4,4,Day (Lights Off),Full Shirt & Pant,Walking then falling (forward) view 2, Falling (FW)[1.2 to 4]
67.mp4,7,Day (Lights Off),Full Shirt & Pant,Falling (RS) on the bed from sitting on the bed, Falling (SW)[2.7 to 7]; Sitting[0 to 2.4]
68.mp4,6,Day (Lights Off),Full Shirt & Pant,Falling (LS) on the bed from sitting on the bed then falling (RS) to the floor, Falling (SW)[1.1 to 6]; Sitting[0 to 1]
69.mp4,6,Day (Lights Off),Full Shirt & Pant,Walking then falling (LS) on the floor, Falling (SW)[2.4 to 6]; Walking[0 to 1.6]
70.mp4,6,Day (Lights Off),Full Shirt & Pant,Falling backward on the bed from sitting on the bed, Falling (BW)[2.3 to 6]; Sitting[0 to 2.2]
71.mp4,6,Day (Lights On),Full Shirt & Pant,Falling backward on the bed from sitting on the bed, Falling (BW)[2.3 6]; Sitting[0 to 2]
72.mp4,5,Day (Lights On),Full Shirt & Pant,Reading a book while sitting on the chair then falling (FW) on the ground, Falling (FW)[2.2 to 5]; Reading[0 to 2.1]; Sitting[0 to 2.1]
73.mp4,4,Day (Lights On),Full Shirt & Pant,Walking then falling (FW: only waist to toe is visible after falling), Falling (FW)[1.2 to 4]; Walking[0 to 1]
74.mp4,4,Day (Lights On),T-Shirt & Pant,Falling (FW)to the floor from sitting on the bed, Falling (FW)[1.5 to 4]; Sitting[0 to 1.3]
75.mp4,5,Day (Lights On),T-Shirt & Pant,Falling (sideways) on the bed from sitting on the bed, Falling (SW)[0.3 to 5]
76.mp4,5,Day (Lights On),T-Shirt & Pant,Falling (RS) on the bed from sitting on the bed then falling (LS) to the floor, Falling (SW)[0.8 to 5]; Sitting[0 to 0.8]
77.mp4,4,Day (Lights On),T-Shirt & Pant,Falling (FW) on the floor from sitting on the bed, Falling (FW); Sitting[0 to 1.7]
78.mp4,7,Day (Lights On),T-Shirt & Pant,Walking then falling (FW) on the floor, Falling (FW)[3.2 to 7]; Walking[0 to 2.9]
79.mp4,6,Day (Lights On),T-Shirt & Pant,Falling (LS) on the bed from sitting on the bed, Falling (SW)[2.8 to 6]; Sitting[0 to 2.6]
